{
  "hosting": [
    {
      "target": "web",
      "public": "frontend/build",
      "ignore": [
        "firebase.json",
        "**/.*",
        "**/node_modules/**"
      ],
      "rewrites": [
        {
          "source": "/admin/**",
          "destination": "/admin/index.html"
        },
        {
          "source": "**",
          "destination": "/index.html"
        }
      ]
    },
    {
      "target": "admin",
      "public": "admin/build",
      "ignore": [
        "firebase.json",
        "**/.*",
        "**/node_modules/**"
      ],
      "rewrites": [
        {
          "source": "/admin/**",
          "destination": "/admin/index.html"
        }
      ]
    }
  ]
}